,class_normal,method,best_threshold,best_roc_score
0,0,mse,0.0065968783884309224,0.840881602288583
0,0,rmse,0.08177399586886165,0.8413855603312275
0,0,euclid_dist,2.289671823978425,0.8413855603312275
0,0,mse,0.013608068773895506,0.8313335892645698
0,0,rmse,0.11752103378176687,0.8327278594352441
0,0,euclid_dist,3.2905889932632455,0.8327278594352441
0,0,mse,0.011503378015011547,0.8345555555555556
0,0,rmse,0.10643526479601857,0.8362222222222222
0,0,euclid_dist,2.9801875090599053,0.8362222222222222
0,0,mse,0.006547336642909795,0.8303136940898035
0,0,rmse,0.0808097416341305,0.8295399991851181
0,0,euclid_dist,2.262672771644592,0.8295399991851181
0,0,mse,0.007080152641236782,0.8347833806818182
0,0,rmse,0.08389328920841219,0.8355632380793228
0,0,euclid_dist,2.349012162208558,0.8355632380793228
0,0,mse,0.005932167570199817,0.8133367860097066
0,0,rmse,0.09175714559555057,0.8140962528091121
0,0,euclid_dist,2.5692000486373905,0.8140962528091121
0,0,mse,0.008206859454140066,0.8299208822824262
0,0,rmse,0.09040026720315215,0.8294436643034102
0,0,euclid_dist,2.531207494401931,0.8294436643034102
0,0,mse,0.008901222267374395,0.8125485829075505
0,0,rmse,0.09288818407058712,0.8139503908467619
0,0,euclid_dist,2.6008690910339363,0.8139503908467619
0,0,mse,0.010261850383691484,0.8177856334452677
0,0,rmse,0.10045993536934254,0.8174588808601955
0,0,euclid_dist,2.812878489017487,0.8174588808601955
0,0,mse,0.009994518855214119,0.801555523183455
0,0,rmse,0.09958668230846528,0.8021318778136933
0,0,euclid_dist,2.7884269049167645,0.8021318778136933
0,0,mse,0.006354283279180528,0.844537268952281
0,0,rmse,0.07654844471290707,0.8442154019227911
0,0,euclid_dist,2.1433563294410702,0.8442154019227911
0,0,mse,0.00837998083755374,0.8273831831462287
0,0,rmse,0.09163129211068152,0.827162237498858
0,0,euclid_dist,2.5656761106491097,0.827162237498858
0,0,mse,0.008026917634159327,0.8139040262877355
0,0,rmse,0.09066651160568,0.8147978620740176
0,0,euclid_dist,2.538662377929688,0.8147978620740176
0,0,mse,0.006176213275175543,0.8258652183475412
0,0,rmse,0.0791166801467538,0.8261837063220412
0,0,euclid_dist,2.215267096090316,0.8261837063220412
0,0,mse,0.007483096602931616,0.8087837289793269
0,0,rmse,0.08959624940827492,0.8101761275450409
0,0,euclid_dist,2.5086948414087304,0.8101761275450409
0,0,mse,0.006624255952239037,0.8411816013151149
0,0,rmse,0.08086176283285018,0.8405684968498487
0,0,euclid_dist,2.2641293815374377,0.8405684968498487
0,0,mse,0.010336452347040174,0.8190838027861478
0,0,rmse,0.09936722701787945,0.8198371107908642
0,0,euclid_dist,2.7822821459770197,0.8198371107908642
0,0,mse,0.008059794405475258,0.8000648365865187
0,0,rmse,0.08933664444833996,0.8004897240652581
0,0,euclid_dist,2.501426069140434,0.8004897240652581
0,0,mse,0.006450080641172824,0.8190280230631429
0,0,rmse,0.08079886183887718,0.8189054097420089
0,0,euclid_dist,2.2623681017875654,0.8189054097420089
0,0,mse,0.006316190418601035,0.826770802668631
0,0,rmse,0.0808244679670781,0.8284697504039209
0,0,euclid_dist,2.2630851516127586,0.8284697504039209
0,0,mse,0.0069073145696893325,0.8197190354680552
0,0,rmse,0.08156574144959453,0.8192228699458539
0,0,euclid_dist,2.283840760588645,0.8192228699458539
0,0,mse,0.007170447245892141,0.8226637787249814
0,0,rmse,0.08231959101408724,0.8229108753397579
0,0,euclid_dist,2.304948588538169,0.8229108753397579
0,0,mse,0.006450080641172824,0.8190280230631429
0,0,rmse,0.08079886183887718,0.8189054097420089
0,0,euclid_dist,2.2623681017875654,0.8189054097420089
0,0,mse,0.010627128334715965,0.822300741726032
0,0,rmse,0.10353172723948954,0.8227372874297245
0,0,euclid_dist,2.898888235092163,0.8227372874297245
0,0,mse,0.008460520869120955,0.8250240293054396
0,0,rmse,0.0846957996748388,0.8272663061239549
0,0,euclid_dist,2.371482420444489,0.8272663061239549
0,0,mse,0.00693544308822602,0.8151904623437046
0,0,rmse,0.08297680855840447,0.8151323059028788
0,0,euclid_dist,2.3233506720066077,0.8151323059028788
0,0,mse,0.006331686764210464,0.8178768820278255
0,0,rmse,0.07926029255986217,0.818875772149912
0,0,euclid_dist,2.2192884330749516,0.818875772149912
0,0,mse,0.007665079138241708,0.8408559283750471
0,0,rmse,0.07783532148599624,0.8412100406123171
0,0,euclid_dist,2.1793891253471376,0.8412100406123171
0,0,mse,0.006930681412573903,0.819852331176373
0,0,rmse,0.08210792137496173,0.8230508003837802
0,0,euclid_dist,2.2990216847062115,0.8230508003837802
0,0,mse,0.007251934628933665,0.8351765796751429
0,0,rmse,0.08642326167672873,0.8345781872483113
0,0,euclid_dist,2.419851093864441,0.8345781872483113
0,0,mse,0.013958050443790861,0.8175715562595882
0,0,rmse,0.11838299017399549,0.8184473304847154
0,0,euclid_dist,3.314724110662936,0.8184473304847154
0,0,mse,0.006593115243315699,0.8132083252865562
0,0,rmse,0.0825119550779462,0.8124441175842317
0,0,euclid_dist,2.3103345727682116,0.8124441175842317
0,0,mse,0.007485727474978196,0.8244671266139637
0,0,rmse,0.08466041533946989,0.8233208266205649
0,0,euclid_dist,2.3704915563583384,0.8233208266205649
0,0,mse,0.0062296175491064806,0.8188819026635669
0,0,rmse,0.07858952832221984,0.8180387893171348
0,0,euclid_dist,2.2005066981315617,0.8180387893171348
0,0,mse,0.008541152879456058,0.8168888888888889
0,0,rmse,0.09208088672161098,0.8147777777777778
0,0,euclid_dist,2.5782649110198026,0.8147777777777778
0,0,mse,0.0066671273278072485,0.8411925115266934
0,0,rmse,0.08225010179802773,0.8416649615023866
0,0,euclid_dist,2.3030029181241987,0.8416649615023866
0,0,mse,0.018376764449849724,0.8250468119189098
0,0,rmse,0.13449864815771573,0.8259246030457512
0,0,euclid_dist,3.765962182331087,0.8259246030457512
0,0,mse,0.0061773944666609175,0.8316360990418895
0,0,rmse,0.07854779711365696,0.8318589154411765
0,0,euclid_dist,2.19933830242157,0.8318589154411765
0,0,mse,0.0064347486533224574,0.8365469205164312
0,0,rmse,0.07980114462971684,0.8365666062533273
0,0,euclid_dist,2.2344320135116584,0.8365666062533273
0,0,mse,0.006976136162178591,0.8259828626800049
0,0,rmse,0.0823872249107808,0.8277702883441778
0,0,euclid_dist,2.306842182397841,0.8277702883441778
0,0,mse,0.0066671273278072485,0.8411925115266934
0,0,rmse,0.08225010179802773,0.8416649615023866
0,0,euclid_dist,2.3030029181241987,0.8416649615023866
0,0,mse,0.007391055448539556,0.8259881799694968
0,0,rmse,0.0866852276399732,0.8258593176297802
0,0,euclid_dist,2.427186187505723,0.8258593176297802
0,0,mse,0.007913995828432963,0.8065510895604808
0,0,rmse,0.08266869717910891,0.8063469896500869
0,0,euclid_dist,2.3147234014034264,0.8063469896500869
0,0,mse,0.007250985039398073,0.8209346868416012
0,0,rmse,0.08658506970480084,0.8213033901551428
0,0,euclid_dist,2.4243819447159765,0.8213033901551428
0,0,mse,0.006603285804390907,0.8246276494823007
0,0,rmse,0.08187911414168769,0.8252324226161436
0,0,euclid_dist,2.2926152327537532,0.8252324226161436
0,0,mse,0.009229910588404165,0.8461389888485511
0,0,rmse,0.0950233641862869,0.8463234889306775
0,0,euclid_dist,2.6606543483734124,0.8463234889306775
0,0,mse,0.00698737267954275,0.8340700927777808
0,0,rmse,0.07975064485967155,0.8333670266006099
0,0,euclid_dist,2.233017968559266,0.8333670266006099
0,0,mse,0.006939392294269056,0.834950206043956
0,0,rmse,0.08467551263794301,0.8371050824175824
0,0,euclid_dist,2.3709143130779258,0.8371050824175824
0,0,mse,0.011446533590555195,0.8162564103251533
0,0,rmse,0.10657739437371497,0.8168048933172654
0,0,euclid_dist,2.9841668599843967,0.8168048933172654
0,0,mse,0.0072833099858835345,0.8067777777777777
0,0,rmse,0.08742408414557577,0.8076666666666665
0,0,euclid_dist,2.44787430357933,0.8076666666666665
0,1,mse,0.006642605385556818,0.9557898743212649
0,1,rmse,0.0832785938747227,0.9558704291707767
0,1,euclid_dist,2.331800419211387,0.9558704291707767
0,1,mse,0.0047523414571769545,0.9561131403920582
0,1,rmse,0.06960340899862348,0.9555543563062289
0,1,euclid_dist,1.9488954909086231,0.9555543563062289
0,1,mse,0.004871300160256216,0.9615597023601907
0,1,rmse,0.06834350409731269,0.9623354115800489
0,1,euclid_dist,1.9136180310249322,0.9623354115800489
0,1,mse,0.00666098475328181,0.9517194798394835
0,1,rmse,0.07949949086531996,0.9527170314857664
0,1,euclid_dist,2.2259856336951254,0.9527170314857664
0,1,mse,0.006625130281364545,0.9575025121257488
0,1,rmse,0.08132618415951731,0.9575025121257488
0,1,euclid_dist,2.277133024823666,0.9575025121257488
0,1,mse,0.006693280556239187,0.9563903810861215
0,1,rmse,0.08139297352172437,0.9566114244106132
0,1,euclid_dist,2.2790030750334256,0.9566114244106132
0,1,mse,0.003461161777679809,0.9615357011904921
0,1,rmse,0.05587049465104936,0.9614919956809754
0,1,euclid_dist,1.5643737082958218,0.9614919956809754
0,1,mse,0.005868402310879902,0.9583836440660622
0,1,rmse,0.07625633317753673,0.9584953509472061
0,1,euclid_dist,2.1351772764503956,0.9584953509472061
0,1,mse,0.00698156061542686,0.9515404417870786
0,1,rmse,0.09081521080434321,0.9520802192326856
0,1,euclid_dist,2.5428258187294013,0.9520802192326856
0,1,mse,0.00925188423343934,0.955076947259588
0,1,rmse,0.08089163862168793,0.9546408427769941
0,1,euclid_dist,2.264965814352035,0.9546408427769941
0,1,mse,0.0050009701139060786,0.9585874668934852
0,1,rmse,0.07071369330883026,0.9585874668934852
0,1,euclid_dist,1.9799833625793462,0.9585874668934852
0,1,mse,0.005868402310879902,0.9583836440660622
0,1,rmse,0.07625633317753673,0.9584953509472061
0,1,euclid_dist,2.1351772764503956,0.9584953509472061
0,1,mse,0.00533402354037389,0.9616925923896466
0,1,rmse,0.0729684199050069,0.9616925923896466
0,1,euclid_dist,2.0431157203435895,0.9616925923896466
0,1,mse,0.005850321359932424,0.9510851769232344
0,1,rmse,0.0773774512261152,0.9517042547530852
0,1,euclid_dist,2.166568807125092,0.9517042547530852
0,1,mse,0.006446327674109489,0.949781748962077
0,1,rmse,0.07966472158133982,0.9500032819704952
0,1,euclid_dist,2.2306121412456035,0.9500032819704952
0,1,mse,0.005616674297675491,0.9501392934025579
0,1,rmse,0.0751325228046626,0.9500274365792917
0,1,euclid_dist,2.1037106119990345,0.9500274365792917
0,1,mse,0.005748749692575075,0.9558763279762587
0,1,rmse,0.07742186947539448,0.9563128736799513
0,1,euclid_dist,2.1678125112533575,0.9563128736799513
0,1,mse,0.008809605295769869,0.957568575648621
0,1,rmse,0.09366499174199998,0.9577909461178227
0,1,euclid_dist,2.6226198301792145,0.9577909461178227
0,1,mse,0.006580063068075104,0.9527947304969568
0,1,rmse,0.08182709875702862,0.9522420000083431
0,1,euclid_dist,2.2911587952613823,0.9522420000083431
0,1,mse,0.005413958108983933,0.9594742050674584
0,1,rmse,0.07356444094330072,0.9594742050674584
0,1,euclid_dist,2.059804460406303,0.9594742050674584
0,1,mse,0.005086008312972263,0.9567561536669325
0,1,rmse,0.08356018933206796,0.956153526295977
0,1,euclid_dist,2.3396851682662967,0.956153526295977
0,1,mse,0.005557369628129528,0.9632473694919196
0,1,rmse,0.0752623296622187,0.9631365538890827
0,1,euclid_dist,2.107345070302487,0.9631365538890827
0,1,mse,0.006184452296583914,0.9557493274050646
0,1,rmse,0.07603988885283472,0.9555793871321318
0,1,euclid_dist,2.129116862869263,0.9555793871321318
0,1,mse,0.0064457102922024214,0.9529027109288214
0,1,rmse,0.07935292802006008,0.9529309493181733
0,1,euclid_dist,2.2218819652497777,0.9529309493181733
0,1,mse,0.004386556958872825,0.955661794483549
0,1,rmse,0.06686734780613332,0.9565950408185601
0,1,euclid_dist,1.8722856627166276,0.9565950408185601
0,1,mse,0.007154666142538189,0.955604136609434
0,1,rmse,0.08526866086721419,0.9554818885670546
0,1,euclid_dist,2.3875225275993346,0.9554818885670546
0,1,mse,0.006188215451105497,0.9568900217216619
0,1,rmse,0.07859685103222733,0.9570009110541082
0,1,euclid_dist,2.2007117016196247,0.9570009110541082
0,1,mse,0.00652403211952187,0.9545815816820443
0,1,rmse,0.07968037795424462,0.9556909670825325
0,1,euclid_dist,2.2310505955696103,0.9556909670825325
0,1,mse,0.0077695507532916964,0.9601488288149196
0,1,rmse,0.08814361052513121,0.9601488288149196
0,1,euclid_dist,2.468021012306214,0.9601488288149196
0,1,mse,0.0054281996227800835,0.9452361265011465
0,1,rmse,0.10232934349179265,0.9455837728899456
0,1,euclid_dist,2.8652214799880977,0.9455837728899456
0,1,mse,0.005950401111738754,0.9615373191466893
0,1,rmse,0.07770682671479882,0.9610884861125779
0,1,euclid_dist,2.175791200697421,0.9610884861125779
0,1,mse,0.00869626135546714,0.9533872089011118
0,1,rmse,0.09111937419846654,0.9535529319379736
0,1,euclid_dist,2.551342476940154,0.9535529319379736
0,1,mse,0.009082292185071856,0.953536014323096
0,1,rmse,0.0925752452731133,0.9540696873708855
0,1,euclid_dist,2.5921067611217503,0.9540696873708855
0,1,mse,0.005257069262035657,0.9591111111111111
0,1,rmse,0.0721825959345326,0.9592222222222222
0,1,euclid_dist,2.0211125918090342,0.9592222222222222
0,1,mse,0.004781143646291458,0.9531429639379344
0,1,rmse,0.06955810131542386,0.9530318034221497
0,1,euclid_dist,1.9476268956303593,0.9530318034221497
0,1,mse,0.007278268046188167,0.9593951730154114
0,1,rmse,0.08494213772863149,0.9596161674905496
0,1,euclid_dist,2.3783798903703683,0.9596161674905496
0,1,mse,0.007359533485257999,0.9589066589124745
0,1,rmse,0.08386716950684786,0.9591218377435301
0,1,euclid_dist,2.3482809379100797,0.9591218377435301
0,1,mse,0.01086860597860068,0.9520702041901846
0,1,rmse,0.10371043346151708,0.9526250199913385
0,1,euclid_dist,2.9038921586751925,0.9526250199913385
0,1,mse,0.005958965757768601,0.9586936906468682
0,1,rmse,0.07659965381920338,0.9590272463506706
0,1,euclid_dist,2.144790416550636,0.9590272463506706
0,1,mse,0.007748380919918419,0.9520804266945703
0,1,rmse,0.08069573520720005,0.9516407975816765
0,1,euclid_dist,2.2594806032180776,0.9516407975816765
0,1,mse,0.007557573539717121,0.9462902310144548
0,1,rmse,0.08629789606779815,0.945755273156033
0,1,euclid_dist,2.4163412859678273,0.945755273156033
0,1,mse,0.006764561904943548,0.9516700372323523
0,1,rmse,0.08890166286751633,0.9524433386784812
0,1,euclid_dist,2.4892466423213477,0.9524433386784812
0,1,mse,0.005101474615931511,0.9537400737363336
0,1,rmse,0.0705372732281685,0.9545156110729168
0,1,euclid_dist,1.9750436977624897,0.9545156110729168
0,1,mse,0.011551855932455507,0.947461275980092
0,1,rmse,0.10822756737172606,0.9466810708976132
0,1,euclid_dist,3.0303718461513514,0.9466810708976132
0,1,mse,0.010739105902705343,0.9442651098901099
0,1,rmse,0.11115296646654604,0.9442565247252747
0,1,euclid_dist,3.11228334980011,0.9442565247252747
0,1,mse,0.00555310560890939,0.9512234898819159
0,1,rmse,0.07862321731038396,0.951177395826337
0,1,euclid_dist,2.201450190663338,0.951177395826337
0,1,mse,0.005927380501851439,0.957760625557041
0,1,rmse,0.0760840901322663,0.957675328654189
0,1,euclid_dist,2.1303544355034827,0.957675328654189
0,1,mse,0.005493820205470547,0.9511234917035335
0,1,rmse,0.07555691830068823,0.9503868976411652
0,1,euclid_dist,2.115593681037426,0.9503868976411652
0,1,mse,0.0073382052211090915,0.9561124425699364
0,1,rmse,0.08094145632013681,0.9561427928540779
0,1,euclid_dist,2.2663608906805512,0.9561427928540779
0,1,mse,0.006754263814829756,0.9492755784842292
0,1,rmse,0.08100347647070885,0.9497176980043179
0,1,euclid_dist,2.268097270011901,0.9497176980043179
0,2,mse,0.006816792810335756,0.8045606888186171
0,2,rmse,0.08265685759559273,0.804226761837317
0,2,euclid_dist,2.3143920227527612,0.804226761837317
0,2,mse,0.01033380780275911,0.7954760937288365
0,2,rmse,0.09979316919073462,0.7966546524043476
0,2,euclid_dist,2.7942087332367898,0.7966546524043476
0,2,mse,0.007109462223015725,0.7957690393230463
0,2,rmse,0.08128039162605999,0.7964297027014797
0,2,euclid_dist,2.27585105919838,0.7964297027014797
0,2,mse,0.005529471586691217,0.7915816352197956
0,2,rmse,0.07516626119613651,0.7932645469940098
0,2,euclid_dist,2.1046554672718054,0.7932645469940098
0,2,mse,0.00713303466513753,0.814194262775718
0,2,rmse,0.08107429815828802,0.8172868732354734
0,2,euclid_dist,2.2700803338885303,0.8172868732354734
0,2,mse,0.007712346166931091,0.7929129205183403
0,2,rmse,0.08791398222520946,0.7934088894516905
0,2,euclid_dist,2.4615913968324676,0.7934088894516905
0,2,mse,0.00668532433062792,0.7954261172950746
0,2,rmse,0.08201576291918757,0.7952736860707962
0,2,euclid_dist,2.296441365814209,0.7952736860707962
0,2,mse,0.006859908589627593,0.783134144527036
0,2,rmse,0.08413200777731836,0.7831712265410761
0,2,euclid_dist,2.355696246111394,0.7831712265410761
0,2,mse,0.006469178301282226,0.8075934167765175
0,2,rmse,0.07926042101159692,0.8068490259236138
0,2,euclid_dist,2.219291617012023,0.8068490259236138
0,2,mse,0.005618620950495823,0.8071749689125935
0,2,rmse,0.0742661661464721,0.8048758784761322
0,2,euclid_dist,2.079452677142621,0.8048758784761322
0,2,mse,0.013037851971387862,0.8219188713105163
0,2,rmse,0.1146737499367446,0.8207015184995381
0,2,euclid_dist,3.210864680290221,0.8207015184995381
0,2,mse,0.009832869561575357,0.8155775288960638
0,2,rmse,0.09859598874896769,0.8152221437460061
0,2,euclid_dist,2.7606873434901242,0.8152221437460061
0,2,mse,0.005998176038265229,0.8042720164752117
0,2,rmse,0.07874058008193967,0.8040617721116645
0,2,euclid_dist,2.204736309051514,0.8040617721116645
0,2,mse,0.011319637057930232,0.8016634460526147
0,2,rmse,0.1070274759560823,0.8020949243387794
0,2,euclid_dist,2.9967692267417902,0.8020949243387794
0,2,mse,0.006966634301841261,0.8042141717152473
0,2,rmse,0.0835288222916424,0.8041027883336479
0,2,euclid_dist,2.3388070366382614,0.8041027883336479
0,2,mse,0.005999945506267251,0.8207391848970156
0,2,rmse,0.0773618472840637,0.8211859126164707
0,2,euclid_dist,2.1661318264007563,0.8211859126164707
0,2,mse,0.006910508032655345,0.819946411955291
0,2,rmse,0.08395585723668336,0.8205349835760491
0,2,euclid_dist,2.3507639602661135,0.8205349835760491
0,2,mse,0.007167483477853238,0.8094765986387116
0,2,rmse,0.08379495942033828,0.8094597329570008
0,2,euclid_dist,2.3462588708996774,0.8094597329570008
0,2,mse,0.007167483477853238,0.8094765986387116
0,2,rmse,0.08379495942033828,0.8094597329570008
0,2,euclid_dist,2.3462588708996774,0.8094597329570008
0,2,mse,0.007472243706695735,0.819253475995821
0,2,rmse,0.08657153424434368,0.8201264189705583
0,2,euclid_dist,2.4240028472781177,0.8201264189705583
0,2,mse,0.005713197228312492,0.7952536813155331
0,2,rmse,0.08058444930240516,0.7938517017131725
0,2,euclid_dist,2.2563645386695868,0.7938517017131725
0,2,mse,0.008026406931225211,0.7996105061666935
0,2,rmse,0.09093795678466561,0.7992064632838081
0,2,euclid_dist,2.5462626629590996,0.7992064632838081
0,2,mse,0.01033380780275911,0.7954760937288365
0,2,rmse,0.09979316919073462,0.7966546524043476
0,2,euclid_dist,2.7942087332367898,0.7966546524043476
0,2,mse,0.006878823235863819,0.8017451779989747
0,2,rmse,0.07699730706214906,0.80253952494902
0,2,euclid_dist,2.1559245052337648,0.80253952494902
0,2,mse,0.006150876140780745,0.800499215207534
0,2,rmse,0.08281150871515276,0.8004919486106267
0,2,euclid_dist,2.3187221527099617,0.8004919486106267
0,2,mse,0.005702317318506539,0.7993351733460254
0,2,rmse,0.07627101887762545,0.7975622429039373
0,2,euclid_dist,2.135588616800309,0.7975622429039373
0,2,mse,0.0069407734549604356,0.7994035496133662
0,2,rmse,0.08178536719083783,0.7992122305519418
0,2,euclid_dist,2.2899903488159175,0.7992122305519418
0,2,mse,0.0068888945333659656,0.8030237916287242
0,2,rmse,0.07914018720388416,0.8039628103163319
0,2,euclid_dist,2.2159252130985245,0.8039628103163319
0,2,mse,0.007231003420427443,0.7954722652764079
0,2,rmse,0.08485304254293442,0.7962448922079752
0,2,euclid_dist,2.375885139584542,0.7962448922079752
0,2,mse,0.007105546747520565,0.8094749264963946
0,2,rmse,0.08422903843708338,0.8094749264963946
0,2,euclid_dist,2.358413123822212,0.8094749264963946
0,2,mse,0.0067903387248516075,0.7992161042202761
0,2,rmse,0.08468309596180916,0.799966344367239
0,2,euclid_dist,2.3711268444061266,0.799966344367239
0,2,mse,0.006623569072876126,0.8174249182277729
0,2,rmse,0.0801018777888268,0.8180092525361492
0,2,euclid_dist,2.2428525641441355,0.8180092525361492
0,2,mse,0.007286628766544163,0.7958664196795212
0,2,rmse,0.0888229153677821,0.7954310770773847
0,2,euclid_dist,2.4870413875579844,0.7954310770773847
0,2,mse,0.0061388966757804165,0.8084880937566339
0,2,rmse,0.07829838974401351,0.8084880937566339
0,2,euclid_dist,2.192355002403259,0.8084880937566339
0,2,mse,0.00873852276755497,0.8068941070711374
0,2,rmse,0.09500252243131402,0.8073106895855291
0,2,euclid_dist,2.660070626735689,0.8073106895855291
0,2,mse,0.00820777455344796,0.8042990732723283
0,2,rmse,0.09018155749887224,0.8051861879318981
0,2,euclid_dist,2.525083630084992,0.8051861879318981
0,2,mse,0.006959125351626425,0.8055848324226239
0,2,rmse,0.0774769143462181,0.8044251273970079
0,2,euclid_dist,2.1693534336090092,0.8044251273970079
0,2,mse,0.01033380780275911,0.7954760937288365
0,2,rmse,0.09979316919073462,0.7966546524043476
0,2,euclid_dist,2.7942087332367898,0.7966546524043476
0,2,mse,0.006910508032655345,0.819946411955291
0,2,rmse,0.08395585723668336,0.8205349835760491
0,2,euclid_dist,2.3507639602661135,0.8205349835760491
0,2,mse,0.006711388943716883,0.8026238033835871
0,2,rmse,0.07493772421181198,0.8018293087939924
0,2,euclid_dist,2.0982562645912175,0.8018293087939924
0,2,mse,0.006859061815962198,0.7954626145630946
0,2,rmse,0.08282738152891397,0.7954626145630946
0,2,euclid_dist,2.319166743373871,0.7954626145630946
0,2,mse,0.006588943419046701,0.8051211502941922
0,2,rmse,0.08186069429554045,0.8047099923238357
0,2,euclid_dist,2.2920994578719136,0.8047099923238357
0,2,mse,0.0067903387248516075,0.7992161042202761
0,2,rmse,0.08468309596180916,0.799966344367239
0,2,euclid_dist,2.3711268444061266,0.799966344367239
0,2,mse,0.007774147576093675,0.7985145832351694
0,2,rmse,0.09181682056076823,0.7984901824839628
0,2,euclid_dist,2.570870901918412,0.7984901824839628
0,2,mse,0.007222519192146134,0.8008912526984815
0,2,rmse,0.08431397080421452,0.8010803402369667
0,2,euclid_dist,2.3607911138534545,0.8010803402369667
0,2,mse,0.01646038990616798,0.8112041420701459
0,2,rmse,0.1253614512726664,0.8111855786582183
0,2,euclid_dist,3.5101204394578924,0.8111855786582183
0,2,mse,0.007195908173639326,0.7999205139130598
0,2,rmse,0.08389765441417692,0.8002850033967681
0,2,euclid_dist,2.349134422302247,0.8002850033967681
0,2,mse,0.008473615609668195,0.8092087899553977
0,2,rmse,0.09197350413203244,0.8092087899553977
0,2,euclid_dist,2.575258119773864,0.8092087899553977
0,2,mse,0.005391452899016438,0.8053207789640174
0,2,rmse,0.07673184784799812,0.8039827289160029
0,2,euclid_dist,2.1484916194200503,0.8039827289160029
0,2,mse,0.0070044408121611905,0.7916310078220975
0,2,rmse,0.08450197836756708,0.790737484799239
0,2,euclid_dist,2.366055537700653,0.790737484799239
0,3,mse,0.009791606432385741,0.8444421342998294
0,3,rmse,0.09668064014911655,0.8445482298302984
0,3,euclid_dist,2.7070581550598134,0.8445482298302984
0,3,mse,0.0069574030465446406,0.8257251120019697
0,3,rmse,0.08388499360084534,0.8264943782008471
0,3,euclid_dist,2.348779919338226,0.8264943782008471
0,3,mse,0.0062041172128170724,0.8427808690919669
0,3,rmse,0.08033335196971891,0.8419193821601605
0,3,euclid_dist,2.2493338832855225,0.8419193821601605
0,3,mse,0.008219265891239048,0.8328230415836881
0,3,rmse,0.08986558958888054,0.8320143619118068
0,3,euclid_dist,2.51623676419258,0.8320143619118068
0,3,mse,0.00817693022242747,0.8350979271068062
0,3,rmse,0.09044459807686506,0.8350979271068062
0,3,euclid_dist,2.532448871433736,0.8350979271068062
0,3,mse,0.005715886451024563,0.8368201928462813
0,3,rmse,0.07502563609555367,0.8369928965223298
0,3,euclid_dist,2.100717835474014,0.8369928965223298
0,3,mse,0.008326633823709562,0.8402207089826554
0,3,rmse,0.09181046486049887,0.8395493171821384
0,3,euclid_dist,2.5706931066513055,0.8395493171821384
0,3,mse,0.006902640220522881,0.8284562349146561
0,3,rmse,0.07967321271374819,0.8301187345087725
0,3,euclid_dist,2.2308498922348012,0.8301187345087725
0,3,mse,0.006805160500109195,0.8264476522316243
0,3,rmse,0.08032828478291629,0.8267830992418176
0,3,euclid_dist,2.2491920682907116,0.8267830992418176
0,3,mse,0.007074983615241944,0.8414940106376184
0,3,rmse,0.08381894157379871,0.8407704562150741
0,3,euclid_dist,2.346930394554139,0.8407704562150741
0,3,mse,0.006957921355217695,0.8447363569321534
0,3,rmse,0.08434556191787124,0.8444966814159292
0,3,euclid_dist,2.361675952076911,0.8444966814159292
0,3,mse,0.006426528460159897,0.8226195214147021
0,3,rmse,0.07740976190045473,0.8242683302924266
0,3,euclid_dist,2.167473347210885,0.8242683302924266
0,3,mse,0.007516639737412334,0.8336879432624114
0,3,rmse,0.08562165554240343,0.8360457470292612
0,3,euclid_dist,2.3974063029289248,0.8360457470292612
0,3,mse,0.006402149749919773,0.8389725736525196
0,3,rmse,0.07940977945178745,0.8402455219688039
0,3,euclid_dist,2.223473864555359,0.8402455219688039
0,3,mse,0.008894837217871102,0.8414596901336371
0,3,rmse,0.09343319782614705,0.8418787043879417
0,3,euclid_dist,2.616129542684556,0.8418787043879417
0,3,mse,0.006092924869433046,0.8337130130217416
0,3,rmse,0.07742439445853236,0.8331044355307523
0,3,euclid_dist,2.1678829551339156,0.8331044355307523
0,3,mse,0.005381861074827613,0.8259973479530515
0,3,rmse,0.0724496317077428,0.8256980415829595
0,3,euclid_dist,2.0285895941853527,0.8256980415829595
0,3,mse,0.007224384166300297,0.8267246085160487
0,3,rmse,0.08417280942648653,0.8264191560613916
0,3,euclid_dist,2.3568385969161993,0.8264191560613916
0,3,mse,0.00659185313852504,0.8267675444342547
0,3,rmse,0.0883010820448398,0.8257958862832437
0,3,euclid_dist,2.4724303503036507,0.8257958862832437
0,3,mse,0.00749565913034603,0.8360759296402774
0,3,rmse,0.0868078133285046,0.8368395544943679
0,3,euclid_dist,2.430618692874908,0.8368395544943679
0,3,mse,0.008875932272523642,0.8374455680971753
0,3,rmse,0.09452806688100102,0.8399146994785995
0,3,euclid_dist,2.646785855948925,0.8399146994785995
0,3,mse,0.009366640504449608,0.8302617132677568
0,3,rmse,0.09314473688602448,0.8302887112145959
0,3,euclid_dist,2.608052764892578,0.8302887112145959
0,3,mse,0.006831904198229313,0.8322535880547736
0,3,rmse,0.08266263322979213,0.8322535880547736
0,3,euclid_dist,2.3145537234306333,0.8322535880547736
0,3,mse,0.006344882358331232,0.8251038007026509
0,3,rmse,0.07851861178874966,0.8247029152303439
0,3,euclid_dist,2.198521251678467,0.8247029152303439
0,3,mse,0.008070942634716631,0.8427702763835233
0,3,rmse,0.09108392766118051,0.84308459894457
0,3,euclid_dist,2.5503498762845993,0.84308459894457
0,3,mse,0.006281535631231964,0.8327277363421941
0,3,rmse,0.08210028827190403,0.8331257246919898
0,3,euclid_dist,2.298808116531372,0.8331257246919898
0,3,mse,0.007890195471700282,0.8348475947829761
0,3,rmse,0.08817950928211217,0.8356116010138347
0,3,euclid_dist,2.4690263626098616,0.8356116010138347
0,3,mse,0.006130453478358687,0.8392784672473906
0,3,rmse,0.07818049775809048,0.8400553817867913
0,3,euclid_dist,2.189053945112229,0.8400553817867913
0,3,mse,0.005858339753374456,0.8304250414001364
0,3,rmse,0.07929879270493982,0.8308807134894092
0,3,euclid_dist,2.220366191267967,0.8308807134894092
0,3,mse,0.007016109940968454,0.8422867534546378
0,3,rmse,0.08696454982459545,0.8434870645461688
0,3,euclid_dist,2.435007337474822,0.8434870645461688
0,3,mse,0.00697272471897304,0.8410778279229785
0,3,rmse,0.08332070610672236,0.8417418385471485
0,3,euclid_dist,2.332979931712151,0.8417418385471485
0,3,mse,0.006162550309672953,0.8416284553910651
0,3,rmse,0.07824140801802282,0.8415389318310843
0,3,euclid_dist,2.1907593872308726,0.8415389318310843
0,3,mse,0.006461836744844915,0.8466934976384596
0,3,rmse,0.08027893640026453,0.8450900358898823
0,3,euclid_dist,2.247810260701179,0.8450900358898823
0,3,mse,0.011594387915264815,0.8620700668509564
0,3,rmse,0.10854001303687694,0.8606130023458407
0,3,euclid_dist,3.0391204778432828,0.8606130023458407
0,3,mse,0.0063109008930623545,0.8360472356769326
0,3,rmse,0.07728469279110435,0.8358686048796974
0,3,euclid_dist,2.1639713433265673,0.8358686048796974
0,3,mse,0.007056158911529927,0.8569549312443308
0,3,rmse,0.08461128347665069,0.8559976550514711
0,3,euclid_dist,2.3691158147335054,0.8559976550514711
0,3,mse,0.006635705630993469,0.8466976508551857
0,3,rmse,0.08409073954857889,0.8461866320113657
0,3,euclid_dist,2.3545409382343285,0.8461866320113657
0,3,mse,0.006971190087171269,0.8245330105989341
0,3,rmse,0.0831319195687771,0.8240462163973828
0,3,euclid_dist,2.327693855345249,0.8240462163973828
0,3,mse,0.006387992760725318,0.8491047336702062
0,3,rmse,0.07914193656146527,0.8503914264564609
0,3,euclid_dist,2.215974109983443,0.8503914264564609
0,3,mse,0.0049197370887734005,0.8418141592920354
0,3,rmse,0.07366766011714933,0.8427636430678466
0,3,euclid_dist,2.062694394540787,0.8427636430678466
0,3,mse,0.014130324707180255,0.8614512069701437
0,3,rmse,0.11759623602032661,0.8627507126621438
0,3,euclid_dist,3.292694376111029,0.8627507126621438
0,3,mse,0.005701985838823022,0.8343631340205073
0,3,rmse,0.07513009113073353,0.8354725194209953
0,3,euclid_dist,2.1036423969268814,0.8354725194209953
0,3,mse,0.006137796762585638,0.8485461650594456
0,3,rmse,0.07916215754002333,0.8473415930414306
0,3,euclid_dist,2.2165402960777287,0.8473415930414306
0,3,mse,0.007359267136454583,0.8472997044862488
0,3,rmse,0.08582319317758083,0.8482171356789093
0,3,euclid_dist,2.4030492975115774,0.8482171356789093
0,3,mse,0.007374117459356785,0.850141830767968
0,3,rmse,0.08727650355696678,0.8501688556849415
0,3,euclid_dist,2.4437420314788825,0.8501688556849415
0,3,mse,0.008846572970505801,0.8319147919109173
0,3,rmse,0.080318999645859,0.8313160106069831
0,3,euclid_dist,2.2489321713924415,0.8313160106069831
0,3,mse,0.006053273714426905,0.823817398869113
0,3,rmse,0.07665366288870573,0.8254301346538047
0,3,euclid_dist,2.1463026413917534,0.8254301346538047
0,3,mse,0.006219698005914688,0.8264062392069617
0,3,rmse,0.07851569959968328,0.8277434355519584
0,3,euclid_dist,2.1984395432949073,0.8277434355519584
0,3,mse,0.006056441834568977,0.832328726310894
0,3,rmse,0.07716650258190927,0.8326339233810021
0,3,euclid_dist,2.1606620491743085,0.8326339233810021
0,3,mse,0.007056158911529927,0.8569549312443308
0,3,rmse,0.08461128347665069,0.8559976550514711
0,3,euclid_dist,2.3691158147335054,0.8559976550514711
0,4,mse,0.0072153112245723575,0.8266779390352731
0,4,rmse,0.08466649251580236,0.8252125311164341
0,4,euclid_dist,2.3706618169784544,0.8252125311164341
0,4,mse,0.013154981670342387,0.8167022488309399
0,4,rmse,0.11433563548922542,0.8181345978833859
0,4,euclid_dist,3.201397696888448,0.8181345978833859
0,4,mse,0.006846101772878321,0.8096152313513942
0,4,rmse,0.08185809062942863,0.8111704413047379
0,4,euclid_dist,2.292026520597935,0.8111704413047379
0,4,mse,0.006473279795236885,0.8195231659109407
0,4,rmse,0.07974244123697284,0.8174467358446692
0,4,euclid_dist,2.232788433074952,0.8174467358446692
0,4,mse,0.015024688513576983,0.8363388751597133
0,4,rmse,0.12321461127996441,0.8348966741390788
0,4,euclid_dist,3.450008984375001,0.8348966741390788
0,4,mse,0.007133409265056252,0.8205949889547726
0,4,rmse,0.08559747761785982,0.8206204220439484
0,4,euclid_dist,2.3967292216300957,0.8206204220439484
0,4,mse,0.02314929814590141,0.8366847721739249
0,4,rmse,0.15138388819321977,0.8373906410247006
0,4,euclid_dist,4.238748943018909,0.8373906410247006
0,4,mse,0.005719315176364033,0.8210986540096781
0,4,rmse,0.07629592746309934,0.8200817313454064
0,4,euclid_dist,2.136285947084428,0.8200817313454064
0,4,mse,0.00691971449907869,0.821955869045121
0,4,rmse,0.08224097029864787,0.8229320484431741
0,4,euclid_dist,2.3027473862647994,0.8229320484431741
0,4,mse,0.006357925762608648,0.8250026798378205
0,4,rmse,0.07986414345800878,0.8242281722033881
0,4,euclid_dist,2.2361961276531224,0.8242281722033881
0,4,mse,0.006662329221144318,0.8188354046462175
0,4,rmse,0.08118781182914968,0.8194996970167843
0,4,euclid_dist,2.273258728981017,0.8194996970167843
0,4,mse,0.006769328054040671,0.8179315734513677
0,4,rmse,0.08408124089837071,0.8183048993494613
0,4,euclid_dist,2.354274923801421,0.8183048993494613
0,4,mse,0.006018905183859169,0.835168507316318
0,4,rmse,0.0778622447729111,0.8343919375359763
0,4,euclid_dist,2.180143003845215,0.8343919375359763
0,4,mse,0.006782825128547847,0.8175665501621793
0,4,rmse,0.08176408487558368,0.8164682311217558
0,4,euclid_dist,2.289394359588624,0.8164682311217558
0,4,mse,0.005942419970361517,0.8152854106322756
0,4,rmse,0.07839180618152022,0.8150188878732144
0,4,euclid_dist,2.194970547199249,0.8150188878732144
0,4,mse,0.00727404290372506,0.8298212842485
0,4,rmse,0.08502004475146532,0.8297057621869084
0,4,euclid_dist,2.3805611675739304,0.8297057621869084
0,4,mse,0.006652587443590167,0.808187652755137
0,4,rmse,0.081493846911937,0.808187652755137
0,4,euclid_dist,2.2818278088569635,0.808187652755137
0,4,mse,0.007936327004805208,0.8143720992964955
0,4,rmse,0.08569762269258502,0.8142239062997456
0,4,euclid_dist,2.39953354358673,0.8142239062997456
0,4,mse,0.006431081210076808,0.8247015447356878
0,4,rmse,0.08369695944637064,0.8255041434007895
0,4,euclid_dist,2.3435149720191943,0.8255041434007895
0,4,mse,0.0074402179964818075,0.8428353019818118
0,4,rmse,0.08587503898143764,0.8427847768374135
0,4,euclid_dist,2.4045010654449466,0.8427847768374135
0,4,mse,0.006873252342455092,0.8360924404613724
0,4,rmse,0.08335858677327633,0.8374220170336675
0,4,euclid_dist,2.3340403927803037,0.8374220170336675
0,4,mse,0.005853902412112802,0.8259727499017424
0,4,rmse,0.07758991532027726,0.827199877723918
0,4,euclid_dist,2.172517794370652,0.827199877723918
0,4,mse,0.005580782443284991,0.8349495703864637
0,4,rmse,0.08026532596349718,0.8341706836852468
0,4,euclid_dist,2.2474291248321525,0.8341706836852468
0,4,mse,0.007519361456204205,0.8199884554547275
0,4,rmse,0.08480810277909044,0.8205568094837132
0,4,euclid_dist,2.374626978397369,0.8205568094837132
0,4,mse,0.021865479961037628,0.8408017991103292
0,4,rmse,0.1530112862527369,0.8408262870998606
0,4,euclid_dist,4.284316151905061,0.8408262870998606
0,4,mse,0.006989722676575184,0.8265527519106282
0,4,rmse,0.08322593344748021,0.8260437887089946
0,4,euclid_dist,2.3303262073993682,0.8260437887089946
0,4,mse,0.006301416575163602,0.828032532401301
0,4,rmse,0.079773997092247,0.830026322105733
0,4,euclid_dist,2.233671986579894,0.830026322105733
0,4,mse,0.005756616231892256,0.8064538391384046
0,4,rmse,0.07810576594471927,0.80668495841358
0,4,euclid_dist,2.1869613601684557,0.80668495841358
0,4,mse,0.006329444976057858,0.8220215473267638
0,4,rmse,0.08211290901526808,0.820890368726107
0,4,euclid_dist,2.2991615717411045,0.820890368726107
0,4,mse,0.0075753420242108405,0.8097631477166951
0,4,rmse,0.08117685976326468,0.8100125097385354
0,4,euclid_dist,2.2729522374153124,0.8100125097385354
0,4,mse,0.0071845045639202,0.8077817285745168
0,4,rmse,0.08082001475617293,0.8084238619870725
0,4,euclid_dist,2.262960512638093,0.8084238619870725
0,4,mse,0.006206038523931055,0.8217126568406535
0,4,rmse,0.0771735701560974,0.8212487093023462
0,4,euclid_dist,2.160859946250915,0.8212487093023462
0,4,mse,0.007119309583771972,0.8108549914759534
0,4,rmse,0.08642760847136378,0.8102018300097196
0,4,euclid_dist,2.419972979736327,0.8102018300097196
0,4,mse,0.00654278497626074,0.8349639030539162
0,4,rmse,0.08097235413640734,0.8346308657537386
0,4,euclid_dist,2.267225903201103,0.8346308657537386
0,4,mse,0.00597846085159108,0.8225972666114291
0,4,rmse,0.07562894858233628,0.8230426027505028
0,4,euclid_dist,2.1176106348037727,0.8230426027505028
0,4,mse,0.0070188131458126,0.834596238938053
0,4,rmse,0.08431813159584998,0.8340247050147493
0,4,euclid_dist,2.3609077644348138,0.8340247050147493
0,4,mse,0.006094947994686662,0.830658494199427
0,4,rmse,0.0786507877930999,0.8290733173641447
0,4,euclid_dist,2.202222103595732,0.8290733173641447
0,4,mse,0.006941997901303696,0.8314783768395368
0,4,rmse,0.08168592682667078,0.8321116213649898
0,4,euclid_dist,2.2872059215903278,0.8321116213649898
0,4,mse,0.019771844573318962,0.8211683264792361
0,4,rmse,0.14141681330278508,0.821366381446045
0,4,euclid_dist,3.959670662283895,0.821366381446045
0,4,mse,0.017156876415945592,0.8177552502323823
0,4,rmse,0.1316460923165083,0.8167601547906419
0,4,euclid_dist,3.686090658068656,0.8167601547906419
0,4,mse,0.006278111299593001,0.8318480209153909
0,4,rmse,0.0802367504764348,0.829888915527851
0,4,euclid_dist,2.24662882128954,0.829888915527851
0,4,mse,0.00582672843337059,0.8179249685353197
0,4,rmse,0.07679172979295254,0.8202004784123978
0,4,euclid_dist,2.1501686849594104,0.8202004784123978
0,4,mse,0.012010904421051965,0.8209434878341015
0,4,rmse,0.11074941780231895,0.8203283135657032
0,4,euclid_dist,3.100983534121512,0.8203283135657032
0,4,mse,0.007062753227725626,0.8354879365591322
0,4,rmse,0.08412754159048197,0.8353766275653656
0,4,euclid_dist,2.355571185827256,0.8353766275653656
0,4,mse,0.006018905183859169,0.835168507316318
0,4,rmse,0.0778622447729111,0.8343919375359763
0,4,euclid_dist,2.180143003845215,0.8343919375359763
0,4,mse,0.007596424225717784,0.8202049112327858
0,4,rmse,0.0868969693407416,0.8208703948175241
0,4,euclid_dist,2.4331151285767545,0.8208703948175241
0,4,mse,0.007132749688066543,0.8435525412087912
0,4,rmse,0.08468299389779567,0.8424364697802198
0,4,euclid_dist,2.3711237868785853,0.8424364697802198
0,4,mse,0.006513529568910598,0.8147517987239241
0,4,rmse,0.08750996175408361,0.8141182858952895
0,4,euclid_dist,2.450279147803782,0.8141182858952895
0,4,mse,0.007151499811559918,0.8257577329211875
0,4,rmse,0.08393564625084406,0.8254154305748604
0,4,euclid_dist,2.3501979367732995,0.8254154305748604
0,4,mse,0.0067444326074793965,0.8203955679426982
0,4,rmse,0.08136669121682642,0.8211453554504924
0,4,euclid_dist,2.2782675104141243,0.8211453554504924
0,5,mse,0.018732885435689243,0.8556209565978282
0,5,rmse,0.13764803110435603,0.8542677766248918
0,5,euclid_dist,3.854144619226457,0.8542677766248918
0,5,mse,0.017337731767818325,0.8660842548923945
0,5,rmse,0.13057241009920834,0.8660317395782513
0,5,euclid_dist,3.6560278876304637,0.8660317395782513
0,5,mse,0.02207924580727704,0.8644495439029124
0,5,rmse,0.14780340548753734,0.8646367777511389
0,5,euclid_dist,4.138495265960691,0.8646367777511389
0,5,mse,0.023375777813326563,0.850506492258822
0,5,rmse,0.1543051581256092,0.8502322124668171
0,5,euclid_dist,4.320544337081911,0.8502322124668171
0,5,mse,0.022538959880964833,0.8611282931578448
0,5,rmse,0.14109725233428183,0.8612783564772454
0,5,euclid_dist,3.9507231684923174,0.8612783564772454
0,5,mse,0.01884904102422297,0.8713395211836833
0,5,rmse,0.1361288469299674,0.870495827196858
0,5,euclid_dist,3.8116076988220224,0.870495827196858
0,5,mse,0.025019618899561454,0.8498843944276021
0,5,rmse,0.1589100344851614,0.8489957030256914
0,5,euclid_dist,4.449480885028837,0.8489957030256914
0,5,mse,0.017852484162803734,0.8603688377856424
0,5,rmse,0.1337879144020379,0.8601465661697275
0,5,euclid_dist,3.7460617576003066,0.8601465661697275
0,5,mse,0.02205822429992258,0.8648408277768743
0,5,rmse,0.16216459373012185,0.8650830758388898
0,5,euclid_dist,4.540608382463457,0.8650830758388898
0,5,mse,0.018636697384295985,0.8679395053475936
0,5,rmse,0.13703674204051502,0.8677166889483067
0,5,euclid_dist,3.8370290444850914,0.8677166889483067
0,5,mse,0.022302505708485847,0.8448516441744991
0,5,rmse,0.14945715656876568,0.844740804006022
0,5,euclid_dist,4.184800490427017,0.844740804006022
0,5,mse,0.020043706251308326,0.8595974597971935
0,5,rmse,0.14316951540671286,0.8596244144110147
0,5,euclid_dist,4.008746212005615,0.8596244144110147
0,5,mse,0.018751020272634922,0.8698700052661574
0,5,rmse,0.1361795654781163,0.8704245749201059
0,5,euclid_dist,3.81302771397829,0.8704245749201059
0,5,mse,0.025647043736558413,0.862
0,5,rmse,0.16292482783049345,0.8615555555555554
0,5,euclid_dist,4.561895008873939,0.8615555555555554
0,5,mse,0.01740390572883188,0.8666669106720641
0,5,rmse,0.13204962832108147,0.8666669106720641
0,5,euclid_dist,3.697389554858206,0.8666669106720641
0,5,mse,0.01900109396185726,0.8705300772910459
0,5,rmse,0.1379786407023668,0.8705300772910459
0,5,euclid_dist,3.863401551818849,0.8705300772910459
0,5,mse,0.0193128750926815,0.8724446304474719
0,5,rmse,0.13946679790616034,0.8723333957422439
0,5,euclid_dist,3.9050699484109868,0.8723333957422439
0,5,mse,0.02170949369333684,0.8625149514260987
0,5,rmse,0.14749784723371268,0.8625149514260987
0,5,euclid_dist,4.129939800453184,0.8625149514260987
0,5,mse,0.022364303510170432,0.8652076290609064
0,5,rmse,0.14950611329600216,0.8652076290609064
0,5,euclid_dist,4.186171263718604,0.8652076290609064
0,5,mse,0.01952398969978094,0.8624700971982006
0,5,rmse,0.1391392874717713,0.8631388444117539
0,5,euclid_dist,3.8959002814292893,0.8631388444117539
0,5,mse,0.023944948604330427,0.8420682734052864
0,5,rmse,0.15362835786715154,0.8413973024921205
0,5,euclid_dist,4.3015942698955545,0.8413973024921205
0,5,mse,0.01660574024245143,0.8539604934385268
0,5,rmse,0.1421924327082933,0.8535801181786583
0,5,euclid_dist,3.981388195300102,0.8535801181786583
0,5,mse,0.021545740313827992,0.8640063966463614
0,5,rmse,0.1446282725080848,0.8643615614184325
0,5,euclid_dist,4.049591351938249,0.8643615614184325
0,5,mse,0.02066830576304346,0.8645248482896443
0,5,rmse,0.14279818040505055,0.8638239427856144
0,5,euclid_dist,3.9983490516901012,0.8638239427856144
0,5,mse,0.02423836998157203,0.8682762787801389
0,5,rmse,0.1554369865879417,0.8673993959447027
0,5,euclid_dist,4.352235669314861,0.8673993959447027
0,5,mse,0.01914027488306165,0.8650352454518593
0,5,rmse,0.13859674189165236,0.8650352454518593
0,5,euclid_dist,3.8807087848663326,0.8650352454518593
0,5,mse,0.022495639698766168,0.8612561654373501
0,5,rmse,0.1496637098636478,0.8614778949273724
0,5,euclid_dist,4.190583663821222,0.8614778949273724
0,5,mse,0.020836797782219942,0.8587171348146374
0,5,rmse,0.14140196766927834,0.8593590914535546
0,5,euclid_dist,3.9592551414728185,0.8593590914535546
0,5,mse,0.019349756971746682,0.873767836918106
0,5,rmse,0.1385147250950336,0.87323085376166
0,5,euclid_dist,3.8784122254848468,0.87323085376166
0,5,mse,0.021898034161701795,0.8715020929596624
0,5,rmse,0.14751020418852567,0.8715196219350586
0,5,euclid_dist,4.130286114692686,0.8715196219350586
0,5,mse,0.021392556086182603,0.8555988785751306
0,5,rmse,0.14689884562976657,0.8551512510012722
0,5,euclid_dist,4.1131677448749535,0.8551512510012722
0,5,mse,0.020240258672460924,0.8737481511812099
0,5,rmse,0.14253000606894492,0.8737481511812099
0,5,euclid_dist,3.9908398703098293,0.8737481511812099
0,5,mse,0.01837681673839689,0.858437230571202
0,5,rmse,0.13517315820604558,0.8591059777847554
0,5,euclid_dist,3.7848485784530648,0.8591059777847554
0,5,mse,0.02505236689448357,0.8672031146676177
0,5,rmse,0.15843136490285392,0.8672031146676177
0,5,euclid_dist,4.436078177928923,0.8672031146676177
0,5,mse,0.0212552901512012,0.8550379115566639
0,5,rmse,0.14550695185065268,0.8552567299374076
0,5,euclid_dist,4.074194802665712,0.8552567299374076
0,5,mse,0.023421898410189886,0.865653953889248
0,5,rmse,0.15431231009960183,0.8664285342784329
0,5,euclid_dist,4.320744575500485,0.8664285342784329
0,5,mse,0.019215000562369827,0.8588526922705422
0,5,rmse,0.13808762399107213,0.8597368655685086
0,5,euclid_dist,3.8664534177780134,0.8597368655685086
0,5,mse,0.022273492475878454,0.8592354698234594
0,5,rmse,0.1492281423807144,0.8592354698234594
0,5,euclid_dist,4.178388186645509,0.8592354698234594
0,5,mse,0.021390759412664922,0.8613668224144126
0,5,rmse,0.14621893076524128,0.8614780076490136
0,5,euclid_dist,4.094129975843428,0.8614780076490136
0,5,mse,0.0221868708031252,0.8610496901551139
0,5,rmse,0.14910209583789114,0.8608255754083637
0,5,euclid_dist,4.174858505487441,0.8608255754083637
0,5,mse,0.023520837533008307,0.8570675644070533
0,5,rmse,0.15154969259351495,0.8576567300647188
0,5,euclid_dist,4.243391347122192,0.8576567300647188
0,5,mse,0.025364545557647937,0.8589344872814668
0,5,rmse,0.15899977044761188,0.8589344872814668
0,5,euclid_dist,4.451993946576118,0.8589344872814668
0,5,mse,0.020500868340954194,0.8694083147575042
0,5,rmse,0.14395356258749964,0.8688537451035557
0,5,euclid_dist,4.030699592530729,0.8688537451035557
0,5,mse,0.025945089839398857,0.8527633969086428
0,5,rmse,0.14170921726226804,0.8523316124080575
0,5,euclid_dist,3.967858045673371,0.8523316124080575
0,5,mse,0.021955556860193612,0.8632370774242691
0,5,rmse,0.14754991168901332,0.8636818183626725
0,5,euclid_dist,4.131397879004479,0.8636818183626725
0,5,mse,0.021390759412664922,0.8613668224144126
0,5,rmse,0.14621893076524128,0.8614780076490136
0,5,euclid_dist,4.094129975843428,0.8614780076490136
0,5,mse,0.02198908020695672,0.8634444444444445
0,5,rmse,0.1443511105678975,0.8634444444444445
0,5,euclid_dist,4.041831181430815,0.8634444444444445
0,5,mse,0.025945089839398857,0.8527633969086428
0,5,rmse,0.14170921726226804,0.8523316124080575
0,5,euclid_dist,3.967858045673371,0.8523316124080575
0,5,mse,0.022727942750602963,0.8639364203421418
0,5,rmse,0.15055059040188784,0.8640482521471072
0,5,euclid_dist,4.215416687774658,0.8640482521471072
0,5,mse,0.01964994984939694,0.8675751859622935
0,5,rmse,0.1311268302060664,0.8669873171165523
0,5,euclid_dist,3.6715512938976267,0.8669873171165523
0,6,mse,0.006878775227814911,0.7107959772849847
0,6,rmse,0.08262685260325674,0.7107892748451625
0,6,euclid_dist,2.3135518660068515,0.7107892748451625
0,6,mse,0.0052158350120298565,0.7177575321665467
0,6,rmse,0.07179297211021185,0.7165816122661004
0,6,euclid_dist,2.010203094291686,0.7165816122661004
0,6,mse,0.005921638280153274,0.7111598142962512
0,6,rmse,0.07799416067451238,0.7103478930621308
0,6,euclid_dist,2.183836356341839,0.7103478930621308
0,6,mse,0.008042140775173902,0.7012609765759271
0,6,rmse,0.09087711753547194,0.7015640590283565
0,6,euclid_dist,2.544559293746948,0.7015640590283565
0,6,mse,0.006370671601733191,0.7068928995085578
0,6,rmse,0.08032555882446467,0.7082009405185562
0,6,euclid_dist,2.2491157104372985,0.7082009405185562
0,6,mse,0.004565427428297699,0.7016878466308573
0,6,rmse,0.06941603741049768,0.7021376479322242
0,6,euclid_dist,1.943648979663848,0.7021376479322242
0,6,mse,0.008073621360585093,0.7230902971268083
0,6,rmse,0.08881580998003487,0.7269585553054113
0,6,euclid_dist,2.486842674732207,0.7269585553054113
0,6,mse,0.006785571165382861,0.7169814560439561
0,6,rmse,0.08210499284416434,0.7177627060439561
0,6,euclid_dist,2.298940054500103,0.7177627060439561
0,6,mse,0.00742568141734228,0.7162360220120869
0,6,rmse,0.0870496557317674,0.7177766776872168
0,6,euclid_dist,2.4373903598189344,0.7177766776872168
0,6,mse,0.006277081313356757,0.7318065108203741
0,6,rmse,0.08518915833979845,0.7331203070615794
0,6,euclid_dist,2.385296573257447,0.7331203070615794
0,6,mse,0.004801119452761486,0.6963742008110458
0,6,rmse,0.06971608230993154,0.6974790584437223
0,6,euclid_dist,1.952050335919857,0.6974790584437223
0,6,mse,0.0064623705111444,0.7132052809863847
0,6,rmse,0.08026197411268945,0.713649429331932
0,6,euclid_dist,2.24733529624939,0.713649429331932
0,6,mse,0.005375274824071675,0.7171334486062623
0,6,rmse,0.07190075276494023,0.716209429619269
0,6,euclid_dist,2.0132210810184477,0.716209429619269
0,6,mse,0.007297821806045249,0.719560057775503
0,6,rmse,0.08576540102809668,0.7182243498503026
0,6,euclid_dist,2.4014312497973433,0.7182243498503026
0,6,mse,0.005921638280153274,0.7111598142962512
0,6,rmse,0.07799416067451238,0.7103478930621308
0,6,euclid_dist,2.183836356341839,0.7103478930621308
0,6,mse,0.008644483690243215,0.7090972068412297
0,6,rmse,0.09325124617815014,0.7103069817696004
0,6,euclid_dist,2.6110348670959467,0.7103069817696004
0,6,mse,0.006840766856353729,0.7020108578334304
0,6,rmse,0.07191126458644868,0.7022615670430421
0,6,euclid_dist,2.0135154516220086,0.7022615670430421
0,6,mse,0.008069369852542873,0.7160785395061022
0,6,rmse,0.08727770245671271,0.7150830086518077
0,6,euclid_dist,2.443775622940064,0.7150830086518077
0,6,mse,0.006803458003886044,0.7298985967428046
0,6,rmse,0.08160545248761776,0.7298581648220727
0,6,euclid_dist,2.284952550971508,0.7298581648220727
0,6,mse,0.00530417055571452,0.7052212877877716
0,6,rmse,0.0743198514461517,0.7036096589494647
0,6,euclid_dist,2.080955634212493,0.7036096589494647
0,6,mse,0.00806987154018134,0.7138441913296141
0,6,rmse,0.07489510298892857,0.714206627618914
0,6,euclid_dist,2.09706281721592,0.714206627618914
0,6,mse,0.010836364005506038,0.7192992051600546
0,6,rmse,0.10332022974640138,0.7207541168122538
0,6,euclid_dist,2.8929662599563595,0.7207541168122538
0,6,mse,0.00742568141734228,0.7162360220120869
0,6,rmse,0.0870496557317674,0.7177766776872168
0,6,euclid_dist,2.4373903598189344,0.7177766776872168
0,6,mse,0.008291374117042867,0.7285794202600723
0,6,rmse,0.09063426313102242,0.7281786941580756
0,6,euclid_dist,2.5377592365264907,0.7281786941580756
0,6,mse,0.007701295935874804,0.696901835528728
0,6,rmse,0.0868509255025536,0.6960786494928553
0,6,euclid_dist,2.431826033270359,0.6960786494928553
0,6,mse,0.006840766856353729,0.7020108578334304
0,6,rmse,0.07191126458644868,0.7022615670430421
0,6,euclid_dist,2.0135154516220086,0.7022615670430421
0,6,mse,0.009043611106276515,0.7083872966800356
0,6,rmse,0.09558753890991212,0.7085840017825312
0,6,euclid_dist,2.6764512863159178,0.7085840017825312
0,6,mse,0.013090275476220993,0.7211147155694003
0,6,rmse,0.11494019658863538,0.7203527796406092
0,6,euclid_dist,3.2183254885673516,0.7203527796406092
0,6,mse,0.007819086171314122,0.7007066248606313
0,6,rmse,0.08684942716360095,0.7014266585111836
0,6,euclid_dist,2.431784000396728,0.7014266585111836
0,6,mse,0.005375274824071675,0.7171334486062623
0,6,rmse,0.07190075276494023,0.716209429619269
0,6,euclid_dist,2.0132210810184477,0.716209429619269
0,6,mse,0.007197346179001032,0.714740728021978
0,6,rmse,0.08399469915032388,0.717865728021978
0,6,euclid_dist,2.351851610565186,0.717865728021978
0,6,mse,0.005343971148133278,0.7007971472997623
0,6,rmse,0.07239528998732567,0.6993877935662791
0,6,euclid_dist,2.0270681000947945,0.6993877935662791
0,6,mse,0.007038228760473429,0.7092458781037615
0,6,rmse,0.08392590799629689,0.7092458781037615
0,6,euclid_dist,2.349925492668151,0.7092458781037615
0,6,mse,0.00657955430215225,0.7187784708108487
0,6,rmse,0.08141707019507888,0.719013874438221
0,6,euclid_dist,2.279677927076815,0.719013874438221
0,6,mse,0.008903844762872901,0.7216697028752189
0,6,rmse,0.09614828785061834,0.7224975992769587
0,6,euclid_dist,2.692152046966552,0.7224975992769587
0,6,mse,0.01942420135717839,0.7360017817157218
0,6,rmse,0.1343783279851079,0.7361892697514822
0,6,euclid_dist,3.762592752981186,0.7361892697514822
0,6,mse,0.006870237049460413,0.7208530542309306
0,6,rmse,0.08289210580885414,0.7208530542309306
0,6,euclid_dist,2.3209791317462933,0.7208530542309306
0,6,mse,0.006032289885915816,0.7171599039020392
0,6,rmse,0.07765196357369421,0.7171599039020392
0,6,euclid_dist,2.1742548522949208,0.7171599039020392
0,6,mse,0.006006370828393845,0.7174682540556615
0,6,rmse,0.0779314427033067,0.718002400907499
0,6,euclid_dist,2.1820803088188168,0.718002400907499
0,6,mse,0.009197137670964004,0.7020262238001831
0,6,rmse,0.08620410501956938,0.7039327300594918
0,6,euclid_dist,2.4137150917053227,0.7039327300594918
0,6,mse,0.003851172369439154,0.6914909746235047
0,6,rmse,0.06391255764961243,0.6929657712790244
0,6,euclid_dist,1.7895517266273493,0.6929657712790244
0,6,mse,0.005778291395865379,0.7239447181997813
0,6,rmse,0.07582653701305389,0.7248294782086289
0,6,euclid_dist,2.123143024444581,0.7248294782086289
0,6,mse,0.012275960399955514,0.7013720616087344
0,6,rmse,0.11288555995523931,0.7005730559269162
0,6,euclid_dist,3.1607955988883956,0.7005730559269162
0,6,mse,0.006209388703107832,0.711495560850675
0,6,rmse,0.08028162316046653,0.7123377548137231
0,6,euclid_dist,2.2478851696252824,0.7123377548137231
0,6,mse,0.013781850622035562,0.7254687922696144
0,6,rmse,0.11642890977859494,0.7254306080438847
0,6,euclid_dist,3.2600094280242926,0.7254306080438847
0,6,mse,0.007218699077144264,0.7121389228106816
0,6,rmse,0.10162404539287088,0.7131737795192206
0,6,euclid_dist,2.8454731705188743,0.7131737795192206
0,6,mse,0.006593004669249058,0.6918009520066378
0,6,rmse,0.0800876492716372,0.6924450849382069
0,6,euclid_dist,2.2424541559338564,0.6924450849382069
0,6,mse,0.009037259999662643,0.721097293026377
0,6,rmse,0.07756152290850873,0.7222835557575955
0,6,euclid_dist,2.171722725176811,0.7222835557575955
0,6,mse,0.008134116568230092,0.7225848822473335
0,6,rmse,0.09060908608138557,0.7219330842750026
0,6,euclid_dist,2.5370544934272785,0.7219330842750026
0,6,mse,0.004719513148069381,0.6981366828598584
0,6,rmse,0.07598707116022708,0.6999881191255676
0,6,euclid_dist,2.1276379569768897,0.6999881191255676
0,7,mse,0.010851690955599772,0.9385475348268484
0,7,rmse,0.10395514921173447,0.9386588934014587
0,7,euclid_dist,2.9107443061828606,0.9386588934014587
0,7,mse,0.01605869673192501,0.9278057458778965
0,7,rmse,0.1265444122329354,0.9280285622771836
0,7,euclid_dist,3.5432437012195575,0.9280285622771836
0,7,mse,0.008914360992377622,0.9338898178253283
0,7,rmse,0.10074331968650221,0.9336277607767787
0,7,euclid_dist,2.820812989926336,0.9336277607767787
0,7,mse,0.01194038097374141,0.9407413490846201
0,7,rmse,0.10923136200010776,0.9407413490846201
0,7,euclid_dist,3.058478194832802,0.9407413490846201
0,7,mse,0.00954234417527914,0.9347352660950047
0,7,rmse,0.09754754884243005,0.9348457389186902
0,7,euclid_dist,2.7313314914703386,0.9348457389186902
0,7,mse,0.010077253666473551,0.9465728107013411
0,7,rmse,0.10265136620402342,0.9465862880082517
0,7,euclid_dist,2.874238378524781,0.9465862880082517
0,7,mse,0.01342930869664997,0.9340487637362638
0,7,rmse,0.1155430864542723,0.9344951923076924
0,7,euclid_dist,3.2352064207196225,0.9344951923076924
0,7,mse,0.008557146406034007,0.9403524536498636
0,7,rmse,0.09323144443705672,0.940526703085368
0,7,euclid_dist,2.610480792403221,0.940526703085368
0,7,mse,0.01050390680192504,0.9414827513924656
0,7,rmse,0.10247712972164161,0.9414827513924656
0,7,euclid_dist,2.8693596788406364,0.9414827513924656
0,7,mse,0.009316393003519625,0.9405502199708656
0,7,rmse,0.09669921128079295,0.9404395025217958
0,7,euclid_dist,2.70757784435749,0.9404395025217958
0,7,mse,0.010750308020133523,0.9404103708791209
0,7,rmse,0.10199773749336599,0.9400068681318682
0,7,euclid_dist,2.855936616659166,0.9400068681318682
0,7,mse,0.007472641612123698,0.9361266131845134
0,7,rmse,0.0872039956323802,0.9359322317172422
0,7,euclid_dist,2.441711967658997,0.9359322317172422
0,7,mse,0.009204438614891841,0.9436548075805139
0,7,rmse,0.09542885018885139,0.9437656231833508
0,7,euclid_dist,2.67200772857666,0.9437656231833508
0,7,mse,0.011713419660227374,0.9382952764293049
0,7,rmse,0.10803520743548874,0.9385179439866417
0,7,euclid_dist,3.0249858069419866,0.9385179439866417
0,7,mse,0.013741075573489074,0.9339376001973116
0,7,rmse,0.11717330619022255,0.9343815513626835
0,7,euclid_dist,3.280852576780318,0.9343815513626835
0,7,mse,0.015089150162413717,0.930204739718557
0,7,rmse,0.12230719804465766,0.9307560076347642
0,7,euclid_dist,3.4246016815185545,0.9307560076347642
0,7,mse,0.014472284434363249,0.9356497939409192
0,7,rmse,0.11600317767560483,0.935556803650771
0,7,euclid_dist,3.2480890128135673,0.935556803650771
0,7,mse,0.013516547064064074,0.9326836472322718
0,7,rmse,0.10407372488826509,0.9327348036181822
0,7,euclid_dist,2.9140643849372863,0.9327348036181822
0,7,mse,0.011232225013710559,0.9356779197128782
0,7,rmse,0.10981378135681145,0.9349976705007449
0,7,euclid_dist,3.0747861274719237,0.9349976705007449
0,7,mse,0.015938385167391968,0.9427488761125492
0,7,rmse,0.12667932027950884,0.9420826535942282
0,7,euclid_dist,3.5470211606025717,0.9420826535942282
0,7,mse,0.00992576605444774,0.9366905005107252
0,7,rmse,0.09770998815521605,0.9365577119509704
0,7,euclid_dist,2.7358798276185974,0.9365577119509704
0,7,mse,0.01078198268879205,0.9407108007797443
0,7,rmse,0.10455108300857245,0.9401546272536041
0,7,euclid_dist,2.9274302052855496,0.9401546272536041
0,7,mse,0.009095969426538796,0.94727322080415
0,7,rmse,0.10004923533126718,0.947024325030471
0,7,euclid_dist,2.801378771615029,0.947024325030471
0,7,mse,0.010202711041923614,0.9354266016145552
0,7,rmse,0.10078300721347336,0.9355378363197834
0,7,euclid_dist,2.821924166822432,0.9355378363197834
0,7,mse,0.010676775629399345,0.9474402409185018
0,7,rmse,0.10647544921785593,0.9470932697263457
0,7,euclid_dist,2.981312796401978,0.9470932697263457
0,7,mse,0.012590827427804471,0.9385774949337116
0,7,rmse,0.11315854879170656,0.9381299675226576
0,7,euclid_dist,3.1684394708633414,0.9381299675226576
0,7,mse,0.007969504545652309,0.935848464518363
0,7,rmse,0.10792386082038279,0.9358403488648906
0,7,euclid_dist,3.021868113994598,0.9358403488648906
0,7,mse,0.008622209371416828,0.9361940944764445
0,7,rmse,0.09302252810262135,0.9360830080512058
0,7,euclid_dist,2.6046308587670324,0.9360830080512058
0,7,mse,0.007881266476446764,0.9421160961418968
0,7,rmse,0.09070729500055306,0.9422096537310062
0,7,euclid_dist,2.5398043577671072,0.9422096537310062
0,7,mse,0.014314879006706182,0.9383533899672306
0,7,rmse,0.1181665333807469,0.9391639532241248
0,7,euclid_dist,3.3086629791259763,0.9391639532241248
0,7,mse,0.010731450021266936,0.931054614012527
0,7,rmse,0.10344440857507284,0.9311655033449733
0,7,euclid_dist,2.8964434449076655,0.9311655033449733
0,7,mse,0.015938385167391968,0.9427488761125492
0,7,rmse,0.12667932027950884,0.9420826535942282
0,7,euclid_dist,3.5470211606025717,0.9420826535942282
0,7,mse,0.009391569425351918,0.9348396798422871
0,7,rmse,0.10015245592594144,0.9349157004293456
0,7,euclid_dist,2.804268550872804,0.9349157004293456
0,7,mse,0.008100237022619696,0.9462163680216743
0,7,rmse,0.09084745539724831,0.9456601944955341
0,7,euclid_dist,2.5437287700176254,0.9456601944955341
0,7,mse,0.011822821047948674,0.9396696187912682
0,7,rmse,0.10639083658643067,0.9400635124695288
0,7,euclid_dist,2.978943426311017,0.9400635124695288
0,7,mse,0.01695812266208231,0.9382149487931963
0,7,rmse,0.1307610044255853,0.9390534227705575
0,7,euclid_dist,3.6613079756498346,0.9390534227705575
0,7,mse,0.012198175091762097,0.9358764184667936
0,7,rmse,0.10975170647725466,0.9362096777425102
0,7,euclid_dist,3.0730477198958397,0.9362096777425102
0,7,mse,0.009262829531100577,0.9388423437529412
0,7,rmse,0.09695579286068678,0.9390185992309784
0,7,euclid_dist,2.714762197721003,0.9390185992309784
0,7,mse,0.012874242957215752,0.9377045070236953
0,7,rmse,0.11283179427087306,0.9379259419218353
0,7,euclid_dist,3.159289998006819,0.9379259419218353
0,7,mse,0.010750308020133523,0.9404103708791209
0,7,rmse,0.10199773749336599,0.9400068681318682
0,7,euclid_dist,2.855936616659166,0.9400068681318682
0,7,mse,0.014656403073109683,0.9357621413341126
0,7,rmse,0.12087403556331996,0.9359851067744693
0,7,euclid_dist,3.384472990632057,0.9359851067744693
0,7,mse,0.01037989507662132,0.9385678880504071
0,7,rmse,0.10187703464180235,0.9385678880504071
0,7,euclid_dist,2.8525569677352913,0.9385678880504071
0,7,mse,0.014656403073109683,0.9357621413341126
0,7,rmse,0.12087403556331996,0.9359851067744693
0,7,euclid_dist,3.384472990632057,0.9359851067744693
0,7,mse,0.009643295551370834,0.9346109448901783
0,7,rmse,0.09861384849250322,0.9341666978888454
0,7,euclid_dist,2.761187713623046,0.9341666978888454
0,7,mse,0.010313871044199917,0.9403436380336697
0,7,rmse,0.10155621700286865,0.9403436380336697
0,7,euclid_dist,2.8435737350463866,0.9403436380336697
0,7,mse,0.00973637030341197,0.9413800314009376
0,7,rmse,0.09248099505901339,0.9412557925280818
0,7,euclid_dist,2.589467689990997,0.9412557925280818
0,7,mse,0.012253430441254747,0.9384141063160616
0,7,rmse,0.11014370906352997,0.9376642594079984
0,7,euclid_dist,3.0840238695144646,0.9376642594079984
0,7,mse,0.009095969426538796,0.94727322080415
0,7,rmse,0.10004923533126718,0.947024325030471
0,7,euclid_dist,2.801378771615029,0.947024325030471
0,7,mse,0.00988600896515418,0.9388135115548756
0,7,rmse,0.0988403011336922,0.9382233234999158
0,7,euclid_dist,2.7675286276340474,0.9382233234999158
0,7,mse,0.011341773631051183,0.9345136742104887
0,7,rmse,0.10168311263993378,0.9345003572615945
0,7,euclid_dist,2.8471272625923163,0.9345003572615945
0,8,mse,0.01005056009348482,0.8010853333910446
0,8,rmse,0.09973070830106733,0.7994603992180117
0,8,euclid_dist,2.792459902644159,0.7994603992180117
0,8,mse,0.013203212503530086,0.7927650017909418
0,8,rmse,0.11490865753591054,0.7927650017909418
0,8,euclid_dist,3.2174422899484623,0.7927650017909418
0,8,mse,0.010504418977536263,0.814982124210803
0,8,rmse,0.10127448803186413,0.8160816408383987
0,8,euclid_dist,2.835685537219047,0.8160816408383987
0,8,mse,0.01663987295329571,0.7472400628238479
0,8,rmse,0.12914961571842432,0.747445151835985
0,8,euclid_dist,3.616189315080642,0.747445151835985
0,8,mse,0.01079991742298007,0.806004884693063
0,8,rmse,0.10351269549876456,0.8040674463388285
0,8,euclid_dist,2.8983553487777716,0.8040674463388285
0,8,mse,0.010687414467334745,0.8043865870867644
0,8,rmse,0.1072260171175003,0.8066916345631134
0,8,euclid_dist,3.002328608036041,0.8066916345631134
0,8,mse,0.010388481441885235,0.8027702104283679
0,8,rmse,0.10593273040652271,0.8007298288097399
0,8,euclid_dist,2.966116313338278,0.8007298288097399
0,8,mse,0.010410760879516602,0.8080321007393199
0,8,rmse,0.10195137192308902,0.8072269887903119
0,8,euclid_dist,2.854638434410094,0.8072269887903119
0,8,mse,0.010983592037111517,0.814231234295383
0,8,rmse,0.1030210489779711,0.8171236165370097
0,8,euclid_dist,2.8845893622636787,0.8171236165370097
0,8,mse,0.017395074583590027,0.7391643406776784
0,8,rmse,0.13140385736152527,0.7395955109810919
0,8,euclid_dist,3.6793076562881466,0.7395955109810919
0,8,mse,0.011970935272984207,0.8027537797727061
0,8,rmse,0.1097857529528439,0.8044613345903607
0,8,euclid_dist,3.0740011226177217,0.8044613345903607
0,8,mse,0.010418858538754287,0.7994590209006076
0,8,rmse,0.10308574151694774,0.7989715916340066
0,8,euclid_dist,2.8864006693124775,0.7989715916340066
0,8,mse,0.011042824720591305,0.8038492753784408
0,8,rmse,0.1053577654361725,0.8026332683034906
0,8,euclid_dist,2.9500173711776747,0.8026332683034906
0,8,mse,0.01775376626607031,0.7471111111111111
0,8,rmse,0.13182433728873733,0.7483333333333333
0,8,euclid_dist,3.6910817613601674,0.7483333333333333
0,8,mse,0.011650770914740862,0.7828374421099652
0,8,rmse,0.10787379842251538,0.7832845693176559
0,8,euclid_dist,3.0204665172100067,0.7832845693176559
0,8,mse,0.010282044249493631,0.7878698269150146
0,8,rmse,0.10181328028365966,0.7868310924118105
0,8,euclid_dist,2.8507718780994407,0.7868310924118105
0,8,mse,0.010555261295661327,0.7748476591463117
0,8,rmse,0.10109695982337,0.775972134606934
0,8,euclid_dist,2.8307149152517317,0.775972134606934
0,8,mse,0.011228106938302514,0.8011331235834308
0,8,rmse,0.1052410351485014,0.8044870148655524
0,8,euclid_dist,2.9467487454414374,0.8044870148655524
0,8,mse,0.010704200972337274,0.8017028611501059
0,8,rmse,0.10370212918259204,0.8015420647960193
0,8,euclid_dist,2.903659909093379,0.8015420647960193
0,8,mse,0.010231277593970299,0.8077981997591364
0,8,rmse,0.10354730278551573,0.8070427473995141
0,8,euclid_dist,2.8993243921756746,0.8070427473995141
0,8,mse,0.013852749312296504,0.7639573472884534
0,8,rmse,0.11610598708689204,0.7648626314072501
0,8,euclid_dist,3.250967921066282,0.7648626314072501
0,8,mse,0.014998396782204507,0.7810745396216506
0,8,rmse,0.121497350782156,0.781014031121919
0,8,euclid_dist,3.401925948858261,0.781014031121919
0,8,mse,0.01078809210732579,0.8257603784795794
0,8,rmse,0.10296564280986789,0.8255933362481642
0,8,euclid_dist,2.8830379630565637,0.8255933362481642
0,8,mse,0.012502835199236863,0.7923090045677361
0,8,rmse,0.1130392838224769,0.7913724793894831
0,8,euclid_dist,3.1650998762607574,0.7913724793894831
0,8,mse,0.0108847815413028,0.8119210373572978
0,8,rmse,0.10437543233335017,0.811810074197067
0,8,euclid_dist,2.92251192522049,0.811810074197067
0,8,mse,0.011042824720591305,0.8038492753784408
0,8,rmse,0.1053577654361725,0.8026332683034906
0,8,euclid_dist,2.9500173711776747,0.8026332683034906
0,8,mse,0.011205916858278214,0.8033968795891538
0,8,rmse,0.1058298297725618,0.8023826808061922
0,8,euclid_dist,2.9632353413224215,0.8023826808061922
0,8,mse,0.011620262136682873,0.7938410883048277
0,8,rmse,0.10777846525311476,0.7940629653849253
0,8,euclid_dist,3.017797209835052,0.7940629653849253
0,8,mse,0.011074516139924528,0.7958491903367322
0,8,rmse,0.10627166748940944,0.7983129394847459
0,8,euclid_dist,2.97560674240589,0.7983129394847459
0,8,mse,0.012474403642304236,0.7697640528363942
0,8,rmse,0.11364579943716521,0.7711136175445907
0,8,euclid_dist,3.1820823298692695,0.7711136175445907
0,8,mse,0.010816917535010726,0.7952147155979908
0,8,rmse,0.10536101052165033,0.7950178741119507
0,8,euclid_dist,2.95010816385746,0.7950178741119507
0,8,mse,0.010995085631730033,0.8066363324175825
0,8,rmse,0.1049787203203887,0.8059666895604395
0,8,euclid_dist,2.9394040600657463,0.8059666895604395
0,8,mse,0.011183344563469292,0.8056756512936567
0,8,rmse,0.10322089262679217,0.8023089661762952
0,8,euclid_dist,2.89018479025364,0.8023089661762952
0,8,mse,0.011083908190205695,0.8102105861909186
0,8,rmse,0.10558099069595338,0.8143524705863429
0,8,euclid_dist,2.956267639732361,0.8143524705863429
0,8,mse,0.011169147586543117,0.8037085582259669
0,8,rmse,0.10579599184989928,0.8031576547442568
0,8,euclid_dist,2.962287717103959,0.8031576547442568
0,8,mse,0.01147005286812782,0.809277058385378
0,8,rmse,0.10715043846666815,0.8090550335185926
0,8,euclid_dist,3.0002120259761815,0.8090550335185926
0,8,mse,0.011905630301218478,0.7987599758464515
0,8,rmse,0.10912631639689203,0.7986502545385735
0,8,euclid_dist,3.0555367489099505,0.7986502545385735
0,8,mse,0.011593939255177979,0.7911070863695419
0,8,rmse,0.10763461167812348,0.7911070863695419
0,8,euclid_dist,3.0137694491386413,0.7911070863695419
0,8,mse,0.010576513618882741,0.7985848324439473
0,8,rmse,0.10402664698250594,0.7980518252485731
0,8,euclid_dist,2.912745990586282,0.7980518252485731
0,8,mse,0.010793214696459476,0.8159043601801782
0,8,rmse,0.10462261164635421,0.8149924558640513
0,8,euclid_dist,2.929432968950271,0.8149924558640513
0,8,mse,0.010789431152306489,0.8198995191004093
0,8,rmse,0.10504527058899404,0.8196929295159971
0,8,euclid_dist,2.9412676012039203,0.8196929295159971
0,8,mse,0.01201747534964233,0.7916813250328741
0,8,rmse,0.10955263287574055,0.7912963835898605
0,8,euclid_dist,3.067473713278769,0.7912963835898605
0,8,mse,0.023084368042647845,0.7425846759730326
0,8,rmse,0.15251665249466884,0.7445391592062015
0,8,euclid_dist,4.270465836524963,0.7445391592062015
0,8,mse,0.010653953575715424,0.8207658118374918
0,8,rmse,0.10168691136538986,0.8200593746802377
0,8,euclid_dist,2.847233655238151,0.8200593746802377
0,8,mse,0.009693673135247083,0.8175386493155878
0,8,rmse,0.09846461636647577,0.8175386493155878
0,8,euclid_dist,2.757009339487553,0.8175386493155878
0,8,mse,0.013203212503530086,0.7927650017909418
0,8,rmse,0.11490865753591054,0.7927650017909418
0,8,euclid_dist,3.2174422899484623,0.7927650017909418
0,8,mse,0.011210621668025854,0.7832368622347046
0,8,rmse,0.10541310718655587,0.7860054115148818
0,8,euclid_dist,2.9515671068429956,0.7860054115148818
0,8,mse,0.011312126709148293,0.8167152803584324
0,8,rmse,0.10640989107191563,0.8166039713646658
0,8,euclid_dist,2.9794769508361827,0.8166039713646658
0,8,mse,0.010724344183411451,0.7943332993641747
0,8,rmse,0.10499994389712816,0.7944528364032423
0,8,euclid_dist,2.939998553395272,0.7944528364032423
0,8,mse,0.011346182102523743,0.7717340978702187
0,8,rmse,0.10847556941211219,0.7721736202397217
0,8,euclid_dist,3.0373160119056712,0.7721736202397217
0,9,mse,0.017895289111975583,0.9271652369995692
0,9,rmse,0.13264761424660693,0.9276600430151363
0,9,euclid_dist,3.7141333242654793,0.9276600430151363
0,9,mse,0.010048881022445855,0.9237092176116566
0,9,rmse,0.10026694529429084,0.9237092176116566
0,9,euclid_dist,2.8074743009090435,0.9237092176116566
0,9,mse,0.010507407744973893,0.9364140411460556
0,9,rmse,0.10245722804963588,0.9365251275712946
0,9,euclid_dist,2.8688020345211047,0.9365251275712946
0,9,mse,0.00919500387180597,0.9346126444732579
0,9,rmse,0.100537329223752,0.9349605369335326
0,9,euclid_dist,2.815045412063599,0.9349605369335326
0,9,mse,0.011308266083197667,0.9408265792112299
0,9,rmse,0.10640426385253675,0.9407151710115865
0,9,euclid_dist,2.97931952841282,0.9407151710115865
0,9,mse,0.014313185399305074,0.942919695651936
0,9,rmse,0.11934568929746744,0.9432519951645634
0,9,euclid_dist,3.341679340982438,0.9432519951645634
0,9,mse,0.010210425566416235,0.9387359868787001
0,9,rmse,0.10145042852461335,0.9384034663732689
0,9,euclid_dist,2.8406122529029845,0.9384034663732689
0,9,mse,0.00890744574391283,0.9313968418858882
0,9,rmse,0.09449559930786491,0.932215055029837
0,9,euclid_dist,2.645876611614228,0.932215055029837
0,9,mse,0.012311492231022568,0.9370269163418631
0,9,rmse,0.11076258991956717,0.9361460628142123
0,9,euclid_dist,3.1013524307250955,0.9361460628142123
0,9,mse,0.020505313494242727,0.9243764645376408
0,9,rmse,0.1428851876668632,0.9247110619054748
0,9,euclid_dist,4.00078543579578,0.9247110619054748
0,9,mse,0.009137207782734186,0.9305463782929642
0,9,rmse,0.09696787423454219,0.9305375208813479
0,9,euclid_dist,2.7151008203625695,0.9305375208813479
0,9,mse,0.021539947469532486,0.9099761398910149
0,9,rmse,0.1475760996840893,0.9093773797223044
0,9,euclid_dist,4.13213079082966,0.9093773797223044
0,9,mse,0.010928965061902995,0.9332769329322638
0,9,rmse,0.10417424573376767,0.9326345950311943
0,9,euclid_dist,2.9168789951801304,0.9326345950311943
0,9,mse,0.01240780429192819,0.9301203757750636
0,9,rmse,0.11169912664219733,0.9300091410698356
0,9,euclid_dist,3.127575418353082,0.9300091410698356
0,9,mse,0.011634038818068806,0.9320536856179513
0,9,rmse,0.11041323231533176,0.9317194221602139
0,9,euclid_dist,3.091570585966112,0.9317194221602139
0,9,mse,0.010913543025031688,0.9335592046435419
0,9,rmse,0.10454409596696498,0.9334476473030691
0,9,euclid_dist,2.92723471546173,0.9334476473030691
0,9,mse,0.011674255576869477,0.9316235031226724
0,9,rmse,0.10939479233883323,0.9320854580874349
0,9,euclid_dist,3.063054390561582,0.9320854580874349
0,9,mse,0.01073673785091378,0.9295688058386149
0,9,rmse,0.10331298282742497,0.9301251031238841
0,9,euclid_dist,2.892763462781907,0.9301251031238841
0,9,mse,0.023850621050223696,0.9119368938646047
0,9,rmse,0.15455709173083299,0.9113791071622397
0,9,euclid_dist,4.327598425483705,0.9113791071622397
0,9,mse,0.015303392872959374,0.9249869177009431
0,9,rmse,0.12380307938754562,0.924765384692525
0,9,euclid_dist,3.4664866457462287,0.924765384692525
0,9,mse,0.011630471060611304,0.9319410410072945
0,9,rmse,0.10710720517672595,0.9316357799503867
0,9,euclid_dist,2.9990016204714784,0.9316357799503867
0,9,mse,0.013955841314001011,0.9313656677935026
0,9,rmse,0.12129152346998451,0.9309663811379132
0,9,euclid_dist,3.3961626842975616,0.9309663811379132
0,9,mse,0.009678180192410945,0.9283383598445198
0,9,rmse,0.09901116815209379,0.9283749606541297
0,9,euclid_dist,2.7723125963211075,0.9283749606541297
0,9,mse,0.011403280675411222,0.9309201113221435
0,9,rmse,0.10663157784752546,0.9312535187460155
0,9,euclid_dist,2.98568397603035,0.9312535187460155
0,9,mse,0.010450384907051923,0.9378888888888889
0,9,rmse,0.10436373706832526,0.9380000000000001
0,9,euclid_dist,2.9221844840764994,0.9380000000000001
0,9,mse,0.01113707308471203,0.9344151840267267
0,9,rmse,0.10536290004774933,0.9344151840267267
0,9,euclid_dist,2.9501611126542078,0.9344151840267267
0,9,mse,0.011761511743068699,0.9377972223444151
0,9,rmse,0.10874532185867435,0.9383065175695107
0,9,euclid_dist,3.044869044184686,0.9383065175695107
0,9,mse,0.01149115109117701,0.9335555555555555
0,9,rmse,0.10636434311494229,0.9342222222222222
0,9,euclid_dist,2.9782017827153195,0.9342222222222222
0,9,mse,0.010240336611866952,0.9332492516732251
0,9,rmse,0.10100972542539238,0.9325721140371529
0,9,euclid_dist,2.828272282862664,0.9325721140371529
0,9,mse,0.009864910073578353,0.9264466663394592
0,9,rmse,0.09872133115902541,0.9272433582712224
0,9,euclid_dist,2.7641971270561236,0.9272433582712224
0,9,mse,0.01072187349526212,0.9408704453785369
0,9,rmse,0.1036721537560225,0.9408704453785369
0,9,euclid_dist,2.9028203020095837,0.9408704453785369
0,9,mse,0.010369389422796662,0.9317774058211217
0,9,rmse,0.10135353890359407,0.9314131982620142
0,9,euclid_dist,2.83789929499626,0.9314131982620142
0,9,mse,0.016872076906263824,0.9355504781247356
0,9,rmse,0.12978358695060013,0.9356604891258357
0,9,euclid_dist,3.633940542125701,0.9356604891258357
0,9,mse,0.010294313373044131,0.9285322028914135
0,9,rmse,0.10207368731498721,0.9278652397967048
0,9,euclid_dist,2.8580632778167745,0.9278652397967048
0,9,mse,0.009319617304950952,0.9246014310820988
0,9,rmse,0.09636033423766494,0.924821114737635
0,9,euclid_dist,2.6980894867658622,0.924821114737635
0,9,mse,0.008711319622024892,0.9335351080693364
0,9,rmse,0.09278637207224966,0.9334937796072511
0,9,euclid_dist,2.598018311262132,0.9334937796072511
0,9,mse,0.012238978735031566,0.9368793372123007
0,9,rmse,0.10868565960787244,0.9368457045482571
0,9,euclid_dist,3.043198435306551,0.9368457045482571
0,9,mse,0.009355158412689342,0.9344354336751924
0,9,rmse,0.09683738587312408,0.9344354336751924
0,9,euclid_dist,2.711446869850157,0.9344354336751924
0,9,mse,0.010498976125800981,0.9379422592104509
0,9,rmse,0.10240875866413118,0.9379422592104509
0,9,euclid_dist,2.8674451763153077,0.9379422592104509
0,9,mse,0.01067353752981871,0.9283473078930058
0,9,rmse,0.10274388451874258,0.9286260625396248
0,9,euclid_dist,2.8768289780616763,0.9286260625396248
0,9,mse,0.011843164450116458,0.9340490519933029
0,9,rmse,0.1092282131306827,0.9345151364315127
0,9,euclid_dist,3.0583897380113596,0.9345151364315127
0,9,mse,0.021311649260949354,0.9162486095219421
0,9,rmse,0.14704125866293905,0.914909622688646
0,9,euclid_dist,4.117155145263673,0.914909622688646
0,9,mse,0.00990207264083437,0.9418178880932908
0,9,rmse,0.09985710719674824,0.9412614669938028
0,9,euclid_dist,2.795999146699904,0.9412614669938028
0,9,mse,0.014047750940360128,0.925436383815962
0,9,rmse,0.12083119886070484,0.9250372762026481
0,9,euclid_dist,3.383273518323897,0.9250372762026481
0,9,mse,0.012238978735031566,0.9368793372123007
0,9,rmse,0.10868565960787244,0.9368457045482571
0,9,euclid_dist,3.043198435306551,0.9368457045482571
0,9,mse,0.012535614331718532,0.9287881459660187
0,9,rmse,0.11434192100539804,0.9293534634773769
0,9,euclid_dist,3.2015738533735294,0.9293534634773769
0,9,mse,0.012320091959927233,0.9265849084918166
0,9,rmse,0.11083564240932467,0.9269196552001407
0,9,euclid_dist,3.1033979034423824,0.9269196552001407
0,9,mse,0.01027841410562396,0.9414063090849338
0,9,rmse,0.10206883714571592,0.940852844395981
0,9,euclid_dist,2.8579274778366073,0.940852844395981
0,9,mse,0.010527360707987099,0.9336010679216253
0,9,rmse,0.10209997846931226,0.9344879858817141
0,9,euclid_dist,2.858799114704133,0.9344879858817141
0,9,mse,0.009385757346823807,0.9344926580445361
0,9,rmse,0.09618664737045768,0.9343796264347791
0,9,euclid_dist,2.6932261877059918,0.9343796264347791
